{
	"namespace": "sm.pathNode",
	"userdata_association": "PathNode",
	"doc": {
		"text": [
			"Path node creation"
		]
	},
	"constants": [],
	"functions": [
		{
			"name": "createPathNode",
			"doc": {
				"text": [
					"Create a PathNode"
				],
				"params": [
					[
						"[Vec3]",
						"worldPosition",
						"The node's world position"
					],
					[
						"number",
						"radius",
						"The nodes's radius"
					]
				],
				"return": [
					[
						"[PathNode]",
						"The path node"
					]
				],
				"server_only": true
			}
		}
	]
}