{
	"namespace": "sm.uuid",
	"userdata_association": "Uuid",
	"doc": {
		"text": [
			"A universally unique identifier (<strong>UUID</strong>) is a 128-bit number that can guarantee uniqueness across space and time.",
			"To generate one, use [sm.uuid.new]."
		]
	},
	"constants": [],
	"functions": [
		{
			"name": "generateNamed",
			"doc": {
				"text": [
					"Generates a named (version 5) uuid."
				],
				"params": [
					[
						"[Uuid]",
						"namespace",
						"A uuid namespace for the name. The namespace makes sure any equal name from different namespaces do not collide."
					],
					[
						"string",
						"name",
						"A name, to generate a uuid from. Provided the same namespace and name, the uuid will be the same."
					]
				],
				"return": [
					[
						"[Uuid]",
						"The created uuid."
					]
				]
			}
		},
		{
			"name": "generateRandom",
			"doc": {
				"text": [
					"Generates a random (version 4) uuid."
				],
				"return": [
					[
						"[Uuid]",
						"The generated uuid."
					]
				]
			}
		},
		{
			"name": "getNil",
			"doc": {
				"text": [
					"Creates a nil uuid {00000000-0000-0000-0000-000000000000}"
				],
				"return": [
					[
						"[Uuid]",
						"The nil uuid."
					]
				]
			}
		},
		{
			"name": "new",
			"doc": {
				"text": [
					"Creates a uuid from a string or generates a random uuid (version 4)."
				],
				"params": [
					[
						"string",
						"uuid=nil",
						"The uuid string to create a uuid instance from. If none is provided, generate a random uuid."
					]
				],
				"return": [
					[
						"[Uuid]",
						"The created uuid."
					]
				]
			}
		}
	]
}